<metadata xml:lang="zh"><Esri><CreaDate>20210512</CreaDate><CreaTime>23555300</CreaTime><ArcGISFormat>1.0</ArcGISFormat><SyncOnce>FALSE</SyncOnce><DataProperties><lineage><Process ToolSource="c:\program files (x86)\arcgis\desktop10.6\ArcToolbox\Toolboxes\Data Management Tools.tbx\CalculateField" Date="20201123" Time="210028">CalculateField 青藏高原边界20201115 No 1 VB #</Process><Process ToolSource="c:\program files (x86)\arcgis\desktop10.6\ArcToolbox\Toolboxes\Data Management Tools.tbx\CalculateField" Date="20201123" Time="210115">CalculateField 青藏高原边界20201115 边界分段 "祁连山脉乌鞘岭、大坂山和拉脊山的东端" VB #</Process><Process ToolSource="c:\program files (x86)\arcgis\desktop10.6\ArcToolbox\Toolboxes\Data Management Tools.tbx\CalculateField" Date="20201123" Time="210130">CalculateField 青藏高原边界20201115 No 2 VB #</Process><Process ToolSource="c:\program files (x86)\arcgis\desktop10.6\ArcToolbox\Toolboxes\Data Management Tools.tbx\CalculateField" Date="20201123" Time="210147">CalculateField 青藏高原边界20201115 No 3 VB #</Process><Process ToolSource="c:\program files (x86)\arcgis\desktop10.6\ArcToolbox\Toolboxes\Data Management Tools.tbx\CalculateField" Date="20201123" Time="210158">CalculateField 青藏高原边界20201115 No 4 VB #</Process><Process ToolSource="c:\program files (x86)\arcgis\desktop10.6\ArcToolbox\Toolboxes\Data Management Tools.tbx\CalculateField" Date="20201123" Time="210212">CalculateField 青藏高原边界20201115 No 5 VB #</Process><Process ToolSource="c:\program files (x86)\arcgis\desktop10.6\ArcToolbox\Toolboxes\Data Management Tools.tbx\CalculateField" Date="20201123" Time="210225">CalculateField 青藏高原边界20201115 No 6 VB #</Process><Process ToolSource="c:\program files (x86)\arcgis\desktop10.6\ArcToolbox\Toolboxes\Data Management Tools.tbx\CalculateField" Date="20201123" Time="210235">CalculateField 青藏高原边界20201115 No 7 VB #</Process><Process ToolSource="c:\program files (x86)\arcgis\desktop10.6\ArcToolbox\Toolboxes\Data Management Tools.tbx\CalculateField" Date="20201123" Time="210244">CalculateField 青藏高原边界20201115 No 8 VB #</Process><Process ToolSource="c:\program files (x86)\arcgis\desktop10.6\ArcToolbox\Toolboxes\Data Management Tools.tbx\CalculateField" Date="20201123" Time="210257">CalculateField 青藏高原边界20201115 No 9 VB #</Process><Process ToolSource="c:\program files (x86)\arcgis\desktop10.6\ArcToolbox\Toolboxes\Data Management Tools.tbx\CalculateField" Date="20201123" Time="210308">CalculateField 青藏高原边界20201115 No 10 VB #</Process><Process ToolSource="c:\program files (x86)\arcgis\desktop10.6\ArcToolbox\Toolboxes\Data Management Tools.tbx\CalculateField" Date="20201123" Time="210318">CalculateField 青藏高原边界20201115 No 11 VB #</Process><Process ToolSource="c:\program files (x86)\arcgis\desktop10.6\ArcToolbox\Toolboxes\Data Management Tools.tbx\CalculateField" Date="20201123" Time="210327">CalculateField 青藏高原边界20201115 No 12 VB #</Process><Process ToolSource="c:\program files (x86)\arcgis\desktop10.6\ArcToolbox\Toolboxes\Data Management Tools.tbx\CalculateField" Date="20201123" Time="210339">CalculateField 青藏高原边界20201115 No 13 VB #</Process><Process ToolSource="c:\program files (x86)\arcgis\desktop10.6\ArcToolbox\Toolboxes\Data Management Tools.tbx\CalculateField" Date="20201123" Time="210353">CalculateField 青藏高原边界20201115 No 14 VB #</Process><Process ToolSource="c:\program files (x86)\arcgis\desktop10.6\ArcToolbox\Toolboxes\Data Management Tools.tbx\CalculateField" Date="20201123" Time="210415">CalculateField 青藏高原边界20201115 No 15 VB #</Process><Process ToolSource="c:\program files (x86)\arcgis\desktop10.6\ArcToolbox\Toolboxes\Data Management Tools.tbx\CalculateField" Date="20201123" Time="210425">CalculateField 青藏高原边界20201115 No 16 VB #</Process><Process ToolSource="c:\program files (x86)\arcgis\desktop10.6\ArcToolbox\Toolboxes\Data Management Tools.tbx\CalculateField" Date="20201123" Time="210441">CalculateField 青藏高原边界20201115 No 17 VB #</Process><Process ToolSource="c:\program files (x86)\arcgis\desktop10.6\ArcToolbox\Toolboxes\Data Management Tools.tbx\CalculateField" Date="20201123" Time="210612">CalculateField 青藏高原边界20201115 边界分段 "西倾山和迭山东端—岷山东侧—茶坪山东北端" VB #</Process><Process ToolSource="c:\program files (x86)\arcgis\desktop10.6\ArcToolbox\Toolboxes\Data Management Tools.tbx\CalculateField" Date="20201123" Time="210633">CalculateField 青藏高原边界20201115 边界分段 "茶坪山—邛崃山—夹金山东南侧" VB #</Process><Process ToolSource="c:\program files (x86)\arcgis\desktop10.6\ArcToolbox\Toolboxes\Data Management Tools.tbx\CalculateField" Date="20201123" Time="210700">CalculateField 青藏高原边界20201115 边界分段 "贡嘎山东侧—锦屏山牦牛山东侧—白林山东端" VB #</Process><Process ToolSource="c:\program files (x86)\arcgis\desktop10.6\ArcToolbox\Toolboxes\Data Management Tools.tbx\CalculateField" Date="20201123" Time="210740">CalculateField 青藏高原边界20201115 边界分段 "白林山—玉龙山—云岭—怒山南端一线" VB #</Process><Process ToolSource="c:\program files (x86)\arcgis\desktop10.6\ArcToolbox\Toolboxes\Data Management Tools.tbx\CalculateField" Date="20201123" Time="210759">CalculateField 青藏高原边界20201115 边界分段 "高黎贡山(西)—伯舒拉岭(南)—岗日嘎布山(南) 一线" VB #</Process><Process ToolSource="c:\program files (x86)\arcgis\desktop10.6\ArcToolbox\Toolboxes\Data Management Tools.tbx\CalculateField" Date="20201123" Time="210819">CalculateField 青藏高原边界20201115 边界分段 "东高喜马拉雅山南麓" VB #</Process><Process ToolSource="c:\program files (x86)\arcgis\desktop10.6\ArcToolbox\Toolboxes\Data Management Tools.tbx\CalculateField" Date="20201123" Time="210837">CalculateField 青藏高原边界20201115 边界分段 "中高喜马拉雅山南麓" VB #</Process><Process ToolSource="c:\program files (x86)\arcgis\desktop10.6\ArcToolbox\Toolboxes\Data Management Tools.tbx\CalculateField" Date="20201123" Time="210855">CalculateField 青藏高原边界20201115 边界分段 "西高喜马拉雅山南麓" VB #</Process><Process ToolSource="c:\program files (x86)\arcgis\desktop10.6\ArcToolbox\Toolboxes\Data Management Tools.tbx\CalculateField" Date="20201123" Time="210911">CalculateField 青藏高原边界20201115 边界分段 "兴都库什山" VB #</Process><Process ToolSource="c:\program files (x86)\arcgis\desktop10.6\ArcToolbox\Toolboxes\Data Management Tools.tbx\CalculateField" Date="20201123" Time="210929">CalculateField 青藏高原边界20201115 边界分段 "帕米尔高原西缘山地" VB #</Process><Process ToolSource="c:\program files (x86)\arcgis\desktop10.6\ArcToolbox\Toolboxes\Data Management Tools.tbx\CalculateField" Date="20201123" Time="210948">CalculateField 青藏高原边界20201115 边界分段 "帕米尔北侧的彼得大帝山脉—外阿赖山脉北麓" VB #</Process><Process ToolSource="c:\program files (x86)\arcgis\desktop10.6\ArcToolbox\Toolboxes\Data Management Tools.tbx\CalculateField" Date="20201123" Time="211013">CalculateField 青藏高原边界20201115 边界分段 "昆仑山西端的昆盖山—公格尔山东北麓" VB #</Process><Process ToolSource="c:\program files (x86)\arcgis\desktop10.6\ArcToolbox\Toolboxes\Data Management Tools.tbx\CalculateField" Date="20201123" Time="211031">CalculateField 青藏高原边界20201115 边界分段 "西昆仑山塔什库祖克山—阿尕孜山—慕士山—喀拉塔什山—喀什塔什山—中昆仑西段阿克塔格—托库孜达坂山北麓" VB #</Process><Process ToolSource="c:\program files (x86)\arcgis\desktop10.6\ArcToolbox\Toolboxes\Data Management Tools.tbx\CalculateField" Date="20201123" Time="211053">CalculateField 青藏高原边界20201115 边界分段 "阿尔金山的苏拉木塔格—阿斯腾塔格—金雁山—安南坝山北麓" VB #</Process><Process ToolSource="c:\program files (x86)\arcgis\desktop10.6\ArcToolbox\Toolboxes\Data Management Tools.tbx\CalculateField" Date="20201123" Time="211114">CalculateField 青藏高原边界20201115 边界分段 "祁连山的党河南山和野马山的西北端—鹰咀山—照壁山—祁连山—走廊南山—冷龙岭—乌鞘岭北麓" VB #</Process><Process ToolSource="c:\program files (x86)\arcgis\desktop10.6\ArcToolbox\Toolboxes\Data Management Tools.tbx\CalculateField" Date="20201123" Time="211135">CalculateField 青藏高原边界20201115 边界分段 "帕米尔高原、兴都库什与青藏高原的边界" VB #</Process><Process ToolSource="c:\program files (x86)\arcgis\desktop10.6\ArcToolbox\Toolboxes\Data Management Tools.tbx\CalculateField" Date="20201128" Time="155531">CalculateField 青藏高原边界20201115 newno [No]+1 VB #</Process><Process ToolSource="c:\program files (x86)\arcgis\desktop10.6\ArcToolbox\Toolboxes\Data Management Tools.tbx\CalculateField" Date="20201128" Time="155559">CalculateField 青藏高原边界20201115 newno 1 VB #</Process><Process ToolSource="c:\program files (x86)\arcgis\desktop10.6\ArcToolbox\Toolboxes\Conversion Tools.tbx\FeatureClassToFeatureClass" Date="20210310" Time="190720">FeatureClassToFeatureClass E:\青藏高原边界修订201909\高原边界修订20210103.gdb\青藏高原边界20210103 E:\青藏高原边界修订201909\提交数据\高原边界及相关数据.mdb 高原边界及分段 # "边界分段 "边界分段" true true false 50 Text 0 0 ,First,#,E:\青藏高原边界修订201909\高原边界修订20210103.gdb\青藏高原边界20210103,边界分段,-1,-1;No_ "No_" true true false 2 Short 0 0 ,First,#,E:\青藏高原边界修订201909\高原边界修订20210103.gdb\青藏高原边界20210103,No,-1,-1;newno "newno" true true false 2 Short 0 0 ,First,#,E:\青藏高原边界修订201909\高原边界修订20210103.gdb\青藏高原边界20210103,newno,-1,-1;SHAPE_Length "SHAPE_Length" false true true 8 Double 0 0 ,First,#,E:\青藏高原边界修订201909\高原边界修订20210103.gdb\青藏高原边界20210103,SHAPE_Length,-1,-1" #</Process><Process ToolSource="c:\program files (x86)\arcgis\desktop10.6\ArcToolbox\Toolboxes\Conversion Tools.tbx\FeatureClassToFeatureClass" Date="20210312" Time="153117">FeatureClassToFeatureClass E:\青藏高原边界修订201909\提交数据\青藏高原范围2021及其界线地理信息系统数据版\青藏高原边界分段.shp E:\青藏高原边界修订201909\高原边界修订202103.gdb old # "OBJECTID "OBJECTID" true true false 10 Long 0 10 ,First,#,E:\青藏高原边界修订201909\提交数据\青藏高原范围2021及其界线地理信息系统数据版\青藏高原边界分段.shp,OBJECTID,-1,-1;边界分 "边界分" true true false 50 Text 0 0 ,First,#,E:\青藏高原边界修订201909\提交数据\青藏高原范围2021及其界线地理信息系统数据版\青藏高原边界分段.shp,边界分,-1,-1;newno "newno" true true false 5 Long 0 5 ,First,#,E:\青藏高原边界修订201909\提交数据\青藏高原范围2021及其界线地理信息系统数据版\青藏高原边界分段.shp,newno,-1,-1;Shape_Leng "Shape_Leng" true true false 19 Double 0 0 ,First,#,E:\青藏高原边界修订201909\提交数据\青藏高原范围2021及其界线地理信息系统数据版\青藏高原边界分段.shp,Shape_Leng,-1,-1;概述 "概述" true true false 254 Text 0 0 ,First,#,E:\青藏高原边界修订201909\提交数据\青藏高原范围2021及其界线地理信息系统数据版\青藏高原边界分段.shp,概述,-1,-1" #</Process><Process ToolSource="c:\program files (x86)\arcgis\desktop10.6\ArcToolbox\Toolboxes\Editing Tools.tbx\Densify" Date="20210312" Time="153425">Densify 青藏高原边界分段3km DISTANCE "3000 Meters" "0.1 Meters" 10</Process><Process ToolSource="c:\program files (x86)\arcgis\desktop10.8\ArcToolbox\Toolboxes\Data Management Tools.tbx\FeatureToPolygon" Date="20210414" Time="024725">FeatureToPolygon E:\青藏高原边界修订201909\高原边界修订202103.gdb\合成\青藏高原边界分段3km_1 E:\青藏高原边界修订201909\高原边界修订202103.gdb\合成\青藏高原边界poly500 # ATTRIBUTES #</Process><Process ToolSource="c:\program files (x86)\arcgis\desktop10.8\ArcToolbox\Toolboxes\Conversion Tools.tbx\FeatureClassToFeatureClass" Date="20210706" Time="090510">FeatureClassToFeatureClass E:\青藏高原边界修订201909\提交数据\青藏高原范围数据集(2021年版)\青藏高原范围数据集(2021年版).mdb\高原边界范围 E:\青藏高原边界修订201909\提交数据\青藏高原范围数据集(2021年版)\Shapefile 高原边界范围.shp # "Shape_Leng "Shape_Leng" false true true 8 Double 0 0 ,First,#,E:\青藏高原边界修订201909\提交数据\青藏高原范围数据集(2021年版)\青藏高原范围数据集(2021年版).mdb\高原边界范围,Shape_Length,-1,-1;Shape_Area "Shape_Area" false true true 8 Double 0 0 ,First,#,E:\青藏高原边界修订201909\提交数据\青藏高原范围数据集(2021年版)\青藏高原范围数据集(2021年版).mdb\高原边界范围,Shape_Area,-1,-1" #</Process></lineage><itemProps><itemLocation><linkage Sync="TRUE">file://\\LAPTOP-6713U8DQ\E$\青藏高原边界修订201909\提交数据\青藏高原范围数据集(2021年版)\Shapefile\高原边界范围.shp</linkage><protocol Sync="TRUE">Local Area Network</protocol></itemLocation><itemName Sync="TRUE">高原边界范围</itemName><imsContentType Sync="TRUE">002</imsContentType><itemSize Sync="TRUE">0.000</itemSize></itemProps><coordRef><type Sync="TRUE">Projected</type><geogcsn Sync="TRUE">GCS_WGS_1984</geogcsn><csUnits Sync="TRUE">Linear Unit: Meter (1.000000)</csUnits><projcsn Sync="TRUE">Albers_Conic_Equal_Area</projcsn><peXml Sync="TRUE">&lt;ProjectedCoordinateSystem xsi:type='typens:ProjectedCoordinateSystem' xmlns:xsi='http://www.w3.org/2001/XMLSchema-instance' xmlns:xs='http://www.w3.org/2001/XMLSchema' xmlns:typens='http://www.esri.com/schemas/ArcGIS/10.7'&gt;&lt;WKT&gt;PROJCS[&amp;quot;Albers_Conic_Equal_Area&amp;quot;,GEOGCS[&amp;quot;GCS_WGS_1984&amp;quot;,DATUM[&amp;quot;D_WGS_1984&amp;quot;,SPHEROID[&amp;quot;WGS_1984&amp;quot;,6378137.0,298.257223563]],PRIMEM[&amp;quot;Greenwich&amp;quot;,0.0],UNIT[&amp;quot;Degree&amp;quot;,0.0174532925199433]],PROJECTION[&amp;quot;Albers&amp;quot;],PARAMETER[&amp;quot;false_easting&amp;quot;,0.0],PARAMETER[&amp;quot;false_northing&amp;quot;,0.0],PARAMETER[&amp;quot;central_meridian&amp;quot;,105.0],PARAMETER[&amp;quot;standard_parallel_1&amp;quot;,25.0],PARAMETER[&amp;quot;standard_parallel_2&amp;quot;,47.0],PARAMETER[&amp;quot;latitude_of_origin&amp;quot;,0.0],UNIT[&amp;quot;Meter&amp;quot;,1.0]]&lt;/WKT&gt;&lt;XOrigin&gt;-17330600&lt;/XOrigin&gt;&lt;YOrigin&gt;-4694200&lt;/YOrigin&gt;&lt;XYScale&gt;259864033.98442611&lt;/XYScale&gt;&lt;ZOrigin&gt;-100000&lt;/ZOrigin&gt;&lt;ZScale&gt;10000&lt;/ZScale&gt;&lt;MOrigin&gt;-100000&lt;/MOrigin&gt;&lt;MScale&gt;10000&lt;/MScale&gt;&lt;XYTolerance&gt;0.001&lt;/XYTolerance&gt;&lt;ZTolerance&gt;0.001&lt;/ZTolerance&gt;&lt;MTolerance&gt;0.001&lt;/MTolerance&gt;&lt;HighPrecision&gt;true&lt;/HighPrecision&gt;&lt;/ProjectedCoordinateSystem&gt;</peXml></coordRef></DataProperties><SyncDate>20210706</SyncDate><SyncTime>09051000</SyncTime><ModDate>20210706</ModDate><ModTime>09051000</ModTime></Esri><dataIdInfo><envirDesc Sync="TRUE"> Version 6.2 (Build 9200) ; Esri ArcGIS 10.8.0.12790</envirDesc><dataLang><languageCode value="zho" Sync="TRUE"></languageCode><countryCode value="CHN" Sync="TRUE"></countryCode></dataLang><idCitation><resTitle Sync="TRUE">高原边界范围</resTitle><presForm><PresFormCd value="005" Sync="TRUE"></PresFormCd></presForm></idCitation><spatRpType><SpatRepTypCd value="001" Sync="TRUE"></SpatRepTypCd></spatRpType></dataIdInfo><mdLang><languageCode value="zho" Sync="TRUE"></languageCode><countryCode value="CHN" Sync="TRUE"></countryCode></mdLang><distInfo><distFormat><formatName Sync="TRUE">Shapefile</formatName></distFormat><distTranOps><transSize Sync="TRUE">0.000</transSize></distTranOps></distInfo><mdHrLv><ScopeCd value="005" Sync="TRUE"></ScopeCd></mdHrLv><mdHrLvName Sync="TRUE">dataset</mdHrLvName><refSysInfo><RefSystem><refSysID><identCode code="0" Sync="TRUE"></identCode></refSysID></RefSystem></refSysInfo><spatRepInfo><VectSpatRep><geometObjs Name="高原边界范围"><geoObjTyp><GeoObjTypCd value="002" Sync="TRUE"></GeoObjTypCd></geoObjTyp><geoObjCnt Sync="TRUE">0</geoObjCnt></geometObjs><topLvl><TopoLevCd value="001" Sync="TRUE"></TopoLevCd></topLvl></VectSpatRep></spatRepInfo><spdoinfo><ptvctinf><esriterm Name="高原边界范围"><efeatyp Sync="TRUE">Simple</efeatyp><efeageom code="4" Sync="TRUE"></efeageom><esritopo Sync="TRUE">FALSE</esritopo><efeacnt Sync="TRUE">0</efeacnt><spindex Sync="TRUE">FALSE</spindex><linrefer Sync="TRUE">FALSE</linrefer></esriterm></ptvctinf></spdoinfo><eainfo><detailed Name="高原边界范围"><enttyp><enttypl Sync="TRUE">高原边界范围</enttypl><enttypt Sync="TRUE">Feature Class</enttypt><enttypc Sync="TRUE">0</enttypc></enttyp><attr><attrlabl Sync="TRUE">FID</attrlabl><attalias Sync="TRUE">FID</attalias><attrtype Sync="TRUE">OID</attrtype><attwidth Sync="TRUE">4</attwidth><atprecis Sync="TRUE">0</atprecis><attscale Sync="TRUE">0</attscale><attrdef Sync="TRUE">Internal feature number.</attrdef><attrdefs Sync="TRUE">Esri</attrdefs><attrdomv><udom Sync="TRUE">Sequential unique whole numbers that are automatically generated.</udom></attrdomv></attr><attr><attrlabl Sync="TRUE">Shape</attrlabl><attalias Sync="TRUE">Shape</attalias><attrtype Sync="TRUE">Geometry</attrtype><attwidth Sync="TRUE">0</attwidth><atprecis Sync="TRUE">0</atprecis><attscale Sync="TRUE">0</attscale><attrdef Sync="TRUE">Feature geometry.</attrdef><attrdefs Sync="TRUE">Esri</attrdefs><attrdomv><udom Sync="TRUE">Coordinates defining the features.</udom></attrdomv></attr><attr><attrlabl Sync="TRUE">Shape_Leng</attrlabl><attalias Sync="TRUE">Shape_Leng</attalias><attrtype Sync="TRUE">Double</attrtype><attwidth Sync="TRUE">19</attwidth><atprecis Sync="TRUE">0</atprecis><attscale Sync="TRUE">0</attscale></attr><attr><attrlabl Sync="TRUE">Shape_Area</attrlabl><attalias Sync="TRUE">Shape_Area</attalias><attrtype Sync="TRUE">Double</attrtype><attwidth Sync="TRUE">19</attwidth><atprecis Sync="TRUE">0</atprecis><attscale Sync="TRUE">0</attscale><attrdef Sync="TRUE">Area of feature in internal units squared.</attrdef><attrdefs Sync="TRUE">Esri</attrdefs><attrdomv><udom Sync="TRUE">Positive real numbers that are automatically generated.</udom></attrdomv></attr></detailed></eainfo><mdDateSt Sync="TRUE">20210706</mdDateSt></metadata>
